insert into	"Customers" (customer_id, first_name, last_name, customer_age) values (1, 'Hamilton', 'White', 27)
insert into "Customers" (customer_id, first_name, last_name, customer_age) values (2, 'Justin', 'Rittenhouse', 99)
insert into "Customers" (customer_id, first_name, last_name, customer_age) values (3, 'Muhammad', 'Rana', 99)
insert into "Customers" (customer_id, first_name, last_name, customer_age) values (4, 'Jared', 'Nance', 99)
insert into "Customers" (customer_id, first_name, last_name, customer_age) values (5, 'Jesse', 'Hitt', 99)
insert into "Customers" (customer_id, first_name, last_name, customer_age) values (6, 'Shakti', 'Shah', 99)
insert into "Customers" (customer_id, first_name, last_name, customer_age) values (7, 'Eric', 'Sylvestre', 99)
insert into "Customers" (customer_id, first_name, last_name, customer_age) values (8, 'Christopher', 'Rodriguez', 99)
insert into "Customers" (customer_id, first_name, last_name, customer_age) values (9, 'Derek', 'Hawkins', 99)
insert into "Customers" (customer_id, first_name, last_name, customer_age) values (10, 'Lucas', 'Lang', 99)
insert into "Movies" (movie_id, movie_title, cost_of_ticket, duration_in_minutes) values(5, 'i-Robot', 8.35, 83)
insert into "Tickets" (ticket_id, movie_id, customer) values (1, 5, 1)
insert into "Movies" (movie_id, movie_title, cost_of_ticket, duration_in_minutes) values(1, 'Avatar', 8.35, 143)
insert into "Tickets" (ticket_id, movie_id, customer) values (2, 5, 2)
insert into "Movies" (movie_id, movie_title, cost_of_ticket, duration_in_minutes) values(2, 'House of Gucci', 8.35, 131)
insert into "Tickets" (ticket_id, movie_id, customer) values (3, 1, 3)
insert into "Tickets" (ticket_id, movie_id, customer) values (4, 2, 4)
insert into "Movies" (movie_id, movie_title, cost_of_ticket, duration_in_minutes) values(3, 'Encanto', 8.35, 93)
insert into "Movies" (movie_id, movie_title, cost_of_ticket, duration_in_minutes) values(4, 'The Woman In The Window', 8.35, 147)
insert into "Tickets" (ticket_id, movie_id, customer) values (5, 2, 5)
insert into "Tickets" (ticket_id, movie_id, customer) values (6, 4, 6)
insert into "Tickets" (ticket_id, movie_id, customer) values (7, 2, 7)
insert into "Tickets" (ticket_id, movie_id, customer) values (8, 3, 8)
insert into "Tickets" (ticket_id, movie_id, customer) values (9, 1, 9)
insert into "Tickets" (ticket_id, movie_id, customer) values (10, 4, 10)
insert into "Concessions" (snack_receipt_num, name_of_snack, customer_id) values (343, 'Popcorn', 7)
insert into "Concessions" (snack_receipt_num, name_of_snack, customer_id) values (344, 'Coca-Cola', 7)
insert into "Concessions" (snack_receipt_num, name_of_snack, customer_id) values (345, 'Candy, Dr.Pepper, Popcorn', 3)
insert into "Concessions" (snack_receipt_num, name_of_snack, customer_id) values (346, 'Hot-dog', 4)
insert into "Concessions" (snack_receipt_num, name_of_snack, customer_id) values (347, 'Twix, Reeses, Popcorn, Pepsi', 9)